[{"code":"if (Build.VERSION.SDK_INT \u003e\u003d Build.VERSION_CODES.O) {\nCharSequence name \u003d \"Channel name 1\";\nString description \u003d \"Notification channel\";\nint importance \u003d NotificationManager.IMPORTANCE_HIGH;\nNotificationChannel channel \u003d new NotificationChannel(\"id 1\", name, importance);\nchannel.setDescription(description);\n\nNotificationManager notificationManager \u003d getSystemService(NotificationManager.class);\nnotificationManager.createNotificationChannel(channel);\n\n}","color":"#156912","name":"Channel","typeName":"","palette":"33","type":" ","spec":"Create Notification Channel"},{"code":"androidx.core.app.NotificationCompat.BigPictureStyle bpStyle \u003d new androidx.core.app.NotificationCompat.BigPictureStyle(); \nBitmap bigPicture \u003d BitmapFactory.decodeResource(getResources(), R.drawable.%1$s);\nbpStyle.bigPicture(bigPicture);\nbpStyle.setBigContentTitle(%3$s);\nbpStyle.setSummaryText(%4$s);\nIntent intent \u003d new Intent(%5$s.this, %6$s.class);\nintent.setFlags(Intent.FLAG_ACTIVITY_NEW_TASK | Intent.FLAG_ACTIVITY_CLEAR_TASK);\nPendingIntent pendingIntent \u003d PendingIntent.getActivity(%5$s.this, 0, intent, 0);\n\nandroidx.core.app.NotificationCompat.Builder builder \u003d new androidx.core.app.NotificationCompat.Builder(%5$s.this, \"id 1\")\n.setSmallIcon(R.drawable.%2$s)\n.setSound(RingtoneManager.getDefaultUri(RingtoneManager.TYPE_NOTIFICATION))\n.setContentTitle(%3$s)\n.setContentText(%4$s)\n.setPriority(androidx.core.app.NotificationCompat.PRIORITY_MAX)\n.setStyle(bpStyle)\n.setOngoing(false)\n.setContentIntent(pendingIntent)\n.setAutoCancel(false);\n\nandroidx.core.app.NotificationManagerCompat notificationManager \u003d androidx.core.app.NotificationManagerCompat.from(%5$s.this);\nnotificationManager.notify(1, builder.build());","color":"#156912","name":"BigPic Notif","typeName":"","palette":"33","type":" ","spec":"BigPicture Notif Banner %m.resource Icon %m.resource Title %s Subtitle %s Activity %m.activity Onclick %m.activity"},{"code":"Intent %1$sintent \u003d new Intent(%1$s.this, %2$s.class);\n%1$sintent.setFlags(Intent.FLAG_ACTIVITY_NEW_TASK | Intent.FLAG_ACTIVITY_CLEAR_TASK);\nPendingIntent pendingIntent \u003d PendingIntent.getActivity(%1$s.this, 0, %1$sintent, 0);\n\nandroidx.core.app.NotificationCompat.Builder builder \u003d new androidx.core.app.NotificationCompat.Builder(%1$s.this, \"id 1\")\n.setSmallIcon(R.drawable.%3$s)\n.setSound(RingtoneManager.getDefaultUri(RingtoneManager.TYPE_NOTIFICATION))\n.setContentTitle(%4$s)\n.setContentText(%5$s)\n.setPriority(androidx.core.app.NotificationCompat.PRIORITY_MAX)\n.setContentIntent(pendingIntent)\n.setAutoCancel(true);\n\nandroidx.core.app.NotificationManagerCompat notificationManager \u003d androidx.core.app.NotificationManagerCompat.from(%1$s.this);\nnotificationManager.notify(1, builder.build());","color":"#156912","name":"Simple Notif","typeName":"","palette":"33","type":" ","spec":"Simple Notification %m.activity clickable %m.activity Icon %m.resource Title %s Subtitle %s  "},{"code":"int notifyId \u003d 004;\n   \nandroidx.core.app.NotificationCompat.BigTextStyle btStyle \u003d new androidx.core.app.NotificationCompat.BigTextStyle(); \n\nbtStyle.bigText(%4$s);\n\nIntent intent \u003d new Intent(%5$s.this, %6$s.class);\nintent.setFlags(Intent.FLAG_ACTIVITY_NEW_TASK | Intent.FLAG_ACTIVITY_CLEAR_TASK);\nPendingIntent pendingIntent \u003d PendingIntent.getActivity(%5$s.this, 0, intent, 0);\n\n     androidx.core.app.NotificationCompat.Builder mBuilder \u003d new androidx.core.app.NotificationCompat.Builder(%5$s.this,\"id 2\") \n                .setSmallIcon(R.drawable.%1$s) \n                .setContentTitle(%2$s)        \n                  .setLargeIcon(BitmapFactory.decodeResource(getResources(),R.drawable.%1$s))\n                 .setStyle(btStyle)\n.setContentIntent(pendingIntent)\n                 .setContentText(%3$s); \n \n        NotificationManager notificationManager \u003d (NotificationManager) getSystemService(NOTIFICATION_SERVICE); \n\n       \n            if (Build.VERSION.SDK_INT \u003e\u003d Build.VERSION_CODES.O) { \n            String channelId2 \u003d \"2\"; \n            String channelName2 \u003d \"channel2\"; \n \n            NotificationChannel channel \u003d new NotificationChannel(channelId2, channelName2, NotificationManager.IMPORTANCE_MAX); \n \n            channel.enableLights(true); \n            channel.setLightColor(Color.RED); \n            channel.setShowBadge(true); \n            channel.enableVibration(false); \n \n            mBuilder.setChannelId(channelId2); \n \n            if (notificationManager !\u003d null) { \n                notificationManager.createNotificationChannel(channel); \n}\n        } else { \n         mBuilder.setDefaults(Notification.DEFAULT_SOUND | Notification.DEFAULT_LIGHTS); \n        } \n \n        if (notificationManager !\u003d null) { \n            notificationManager.notify(notifyId, mBuilder.build()); \n        } \n ","color":"#156912","name":"SimpleNotif with Multitext","typeName":"","palette":"33","type":" ","spec":"Simple Notification  Icon %m.resource Title %s Content1 %s Content2 %s to %m.activity onClick %m.activity"}]